Metro Area,Total,Year,No Commute,Yes Commute (more than 5 minutes),Short Commutes - Less than half-hour,Medium Commutes - Half-hour to one hour,Long Commutes - More than one hour
Atlanta,2232939,2010,38502,2194437,1116005,814521,263911
Atlanta,2486837,2022,40882,2445955,1211063,940079,294813
Atlanta,2270521,2021,38560,2231961,1157947,853597,220417
Atlanta,2715402,2019,39919,2675483,1265919,1024857,384707
Atlanta,2715426,2018,32705,2682721,1261517,1032286,388918
Atlanta,2660218,2017,36748,2623470,1248534,988437,386499
Atlanta,2598113,2016,36089,2562024,1232665,952650,376709
Atlanta,2533900,2015,40298,2493602,1235801,922041,335760
Atlanta,2444559,2014,37628,2406931,1208018,887947,310966
Atlanta,2369931,2013,41686,2328245,1208008,848754,271483
Atlanta,2297995,2012,39716,2258279,1156437,855032,246810
Atlanta,2264984,2011,38588,2226396,1109374,841960,275062
Atlanta,2588713,2023,44118,2544595,1225249,986755,332591
Baltimore,1262209,2011,19468,1242741,646917,444494,151330
Baltimore,1211828,2023,22149,1189679,629284,434197,126198
Baltimore,1310551,2013,20143,1290408,663918,463438,163052
Baltimore,1258272,2010,22742,1235530,657149,427045,151336
Baltimore,1186643,2022,17367,1169276,643221,409474,116581
Baltimore,1314474,2015,20649,1293825,661011,474922,157892
Baltimore,1336740,2018,19079,1317661,659677,479026,178958
Baltimore,1338289,2016,17165,1321124,677716,479157,164251
Baltimore,1335323,2019,21071,1314252,648986,487476,177790
Baltimore,1316513,2014,18732,1297781,672707,469617,155457
Baltimore,1097176,2021,21956,1075220,613132,369219,92869
Baltimore,1336611,2017,18519,1318092,659458,483455,175179
Baltimore,1286794,2012,21976,1264818,669282,446578,148958
Boston,2446040,2018,46097,2399943,1128716,901477,369750
Boston,1876883,2021,45764,1831119,1000046,644439,186634
Boston,2380373,2015,56116,2324257,1122614,849739,351904
Boston,2297628,2013,51500,2246128,1145128,816885,284115
Boston,2407900,2016,47588,2360312,1154375,872955,332982
Boston,2166531,2010,55117,2111414,1126456,747269,237689
Boston,2195778,2023,43624,2152154,1071810,777949,302395
Boston,2194464,2011,53296,2141168,1118655,764073,258440
Boston,2261304,2012,55141,2206163,1131157,802339,272667
Boston,2084693,2022,44322,2040371,1034520,757472,248379
Boston,2434948,2017,47269,2387679,1151849,890672,345158
Boston,2312285,2014,49836,2262449,1131012,818469,312968
Boston,2500383,2019,48784,2451599,1150682,911844,389073
Charlotte,1136681,2023,25631,1111050,644997,383732,82321
Charlotte,804105,2012,18018,786087,489405,251404,45278
Charlotte,1118520,2016,14424,1104096,650360,384169,69567
Charlotte,1097942,2015,23078,1074864,627941,369328,77595
Charlotte,757128,2010,15373,741755,458681,243122,39952
Charlotte,1064335,2014,22609,1041726,624588,347585,69553
Charlotte,1188458,2018,20306,1168152,671050,404161,92941
Charlotte,995340,2021,22523,972817,602331,311606,58880
Charlotte,1222404,2019,21676,1200728,703158,397429,100141
Charlotte,1030250,2013,22881,1007369,621762,319608,65999
Charlotte,1091947,2022,23872,1068075,640759,358658,68658
Charlotte,1153392,2017,17489,1135903,671488,380307,84108
Charlotte,781578,2011,15434,766144,476187,249227,40730
Chicago,3595239,2021,72877,3522362,1859324,1299644,363394
Chicago,4407706,2016,70339,4337367,2062269,1654807,620291
Chicago,3923570,2022,74808,3848762,1943790,1445045,459927
Chicago,4375761,2015,69059,4306702,2064627,1611060,631015
Chicago,4227545,2012,76833,4150712,2068032,1539525,543155
Chicago,4459381,2019,67142,4392239,2047472,1701996,642771
Chicago,4415454,2017,68183,4347271,2062684,1662758,621829
Chicago,4455102,2018,71920,4383182,2057845,1679528,645809
Chicago,4143034,2011,74289,4068745,2001274,1510905,556566
Chicago,3978255,2023,79175,3899080,1960313,1452623,486144
Chicago,4279656,2013,79258,4200398,2074750,1567581,558067
Chicago,4096292,2010,74881,4021411,1991742,1492870,536799
Chicago,4333467,2014,73564,4259903,2046866,1604252,608785
Dallas,3540707,2018,59809,3480898,1890364,1279215,311319
Dallas,3112015,2013,58981,3053034,1719253,1083485,250296
Dallas,3487458,2023,71738,3415720,1858630,1236770,320320
Dallas,2863105,2010,61451,2801654,1608942,986792,205920
Dallas,3199821,2014,60093,3139728,1761035,1122475,256218
Dallas,3449185,2017,59065,3390120,1810928,1254554,324638
Dallas,3279183,2015,57746,3221437,1772468,1162881,286088
Dallas,2918497,2011,58771,2859726,1641704,1001893,216129
Dallas,3036252,2021,57989,2978263,1688699,1065892,223672
Dallas,3002472,2012,58967,2943505,1662892,1051804,228809
Dallas,3335688,2022,72885,3262803,1824725,1168399,269679
Dallas,3555123,2019,52979,3502144,1894801,1277251,330092
Dallas,3356103,2016,59746,3296357,1772711,1212333,311313
Denver,1391598,2016,25072,1366526,769084,497243,100199
Denver,1223180,2011,25214,1197966,702582,409995,85389
Denver,1429043,2017,21629,1407414,772949,522638,111827
Denver,1163472,2021,24635,1138837,665156,399631,74050
Denver,1341293,2014,24822,1316471,736482,477599,102390
Denver,1472724,2019,19106,1453618,772946,559958,120714
Denver,1178595,2010,20258,1158337,678180,407438,72719
Denver,1466746,2018,23624,1443122,787604,547737,107781
Denver,1365572,2015,24910,1340662,751487,482316,106859
Denver,1249014,2012,25401,1223613,710061,429292,84260
Denver,1310265,2023,26276,1283989,730894,463477,89618
Denver,1277225,2022,18247,1258978,731669,445135,82174
Denver,1266595,2013,21884,1244711,717594,437127,89990
Detroit,1713101,2022,40008,1673093,1020925,547591,104577
Detroit,1838763,2014,35716,1803047,1049018,617103,136926
Detroit,1585164,2021,38977,1546187,946965,513781,85441
Detroit,1902261,2017,35999,1866262,1097252,634235,134775
Detroit,1799262,2013,36879,1762383,1053958,590901,117524
Detroit,1783524,2023,38681,1744843,1049129,576598,119116
Detroit,1952256,2019,35592,1916664,1098580,668278,149806
Detroit,1683119,2010,35187,1647932,984825,553630,109477
Detroit,1856289,2015,33663,1822626,1069499,627183,125944
Detroit,1892466,2016,30120,1862346,1080052,646059,136235
Detroit,1763105,2012,38467,1724638,1022001,588114,114523
Detroit,1927519,2018,33062,1894457,1092944,653978,147535
Detroit,1708447,2011,34214,1674233,994601,566290,113342
Houston,2738015,2012,52318,2685697,1420641,995082,269974
Houston,2625741,2010,49059,2576682,1416872,930911,228899
Houston,3177856,2023,52566,3125290,1575395,1194983,354912
Houston,3068089,2022,54752,3013337,1495234,1201383,316720
Houston,3013585,2015,47220,2966365,1464940,1143801,357624
Houston,2834241,2013,49080,2785161,1458610,1022906,303645
Houston,2786418,2021,54297,2732121,1417453,1065549,249119
Houston,3132202,2018,38428,3093774,1553067,1193690,347017
Houston,2683111,2011,53724,2629387,1440910,954596,233881
Houston,3048882,2017,42265,3006617,1517999,1150117,338501
Houston,2955305,2014,52802,2902503,1493186,1084461,324856
Houston,3198759,2019,42584,3156175,1529826,1262305,364044
Houston,3017233,2016,48884,2968349,1489472,1140229,338648
Los Angeles,5388495,2023,75464,5313031,2736248,1927706,649077
Los Angeles,5974755,2016,67278,5907477,3000700,2113383,793394
Los Angeles,5818616,2014,75169,5743447,3034279,2029042,680126
Los Angeles,5899773,2015,72742,5827031,3019371,2071981,735679
Los Angeles,5250177,2022,79040,5171137,2757331,1835102,578704
Los Angeles,5663516,2013,80239,5583277,2997315,1925561,660401
Los Angeles,5392512,2010,80026,5312486,2949092,1800246,563148
Los Angeles,5428907,2011,80029,5348878,2911754,1838798,598326
Los Angeles,6077813,2018,67321,6010492,2952518,2216032,841942
Los Angeles,5551323,2012,72107,5479216,2965655,1886271,627290
Los Angeles,4773103,2021,73685,4699418,2553947,1663534,481937
Los Angeles,6066040,2017,73254,5992786,2997588,2168855,826343
Los Angeles,6114413,2019,73272,6041141,2983884,2173826,883431
Miami,2740841,2017,33041,2707800,1367008,1050395,290397
Miami,2578324,2022,42451,2535873,1328099,954172,253602
Miami,2643227,2023,33146,2610081,1369269,965283,275529
Miami,2395786,2011,36366,2359420,1321090,854570,183760
Miami,2703405,2016,28967,2674438,1378388,1006350,289700
Miami,2440654,2021,38007,2402647,1298358,896851,207438
Miami,2655983,2015,32456,2623527,1353696,1003474,266357
Miami,2843985,2019,36822,2807163,1395766,1095844,315553
Miami,2327054,2010,39508,2287546,1293162,815318,179066
Miami,2456010,2012,33366,2422644,1308046,914820,199778
Miami,2509362,2013,40746,2468616,1352541,914441,201634
Miami,2614254,2014,35578,2578676,1406216,938055,234405
Miami,2814512,2018,34811,2779701,1350974,1111957,316770
Minneapolis,1430832,2021,41864,1388968,948217,382346,58405
Minneapolis,1790878,2016,37547,1753331,1098559,555641,99131
Minneapolis,1836758,2018,31649,1805109,1119976,583247,101886
Minneapolis,1826361,2017,33577,1792784,1110934,576920,104930
Minneapolis,1559291,2022,39245,1520046,1015398,432184,72464
Minneapolis,1836359,2019,33447,1802912,1099558,592799,110555
Minneapolis,1618919,2023,41613,1577306,1059334,447618,70354
Minneapolis,1723294,2013,39524,1683770,1056528,532494,94748
Minneapolis,1585973,2010,35777,1550196,983213,485689,81294
Minneapolis,1618675,2011,36194,1582481,1001258,497120,84103
Minneapolis,1657563,2012,37625,1619938,1034974,494562,90402
Minneapolis,1757506,2014,39482,1718024,1063801,551277,102946
Minneapolis,1779099,2015,35355,1743744,1079978,565265,98501
New York,8022549,2022,161871,7860678,3337481,2878172,1645025
New York,8296382,2011,151029,8145353,3552997,2930978,1661378
New York,7057098,2021,146018,6911080,3073828,2551736,1285516
New York,9033594,2019,123125,8910469,3486800,3369146,2054523
New York,8458242,2012,143520,8314722,3569484,3047719,1697519
New York,8888158,2013,146827,8741331,3735438,3203609,1802284
New York,9258386,2018,134606,9123780,3631830,3397627,2094323
New York,9082578,2014,158267,8924311,3740145,3302694,1881472
New York,9382250,2017,143258,9238992,3767449,3360567,2110976
New York,9186623,2015,136305,9050318,3780918,3302783,1966617
New York,8317168,2023,149145,8168023,3409091,3045597,1713335
New York,8249679,2010,143014,8106665,3566986,2922800,1616879
New York,9192943,2016,133681,9059262,3698374,3353458,2007430
Orlando,1087825,2016,13936,1073889,572050,420157,81682
Orlando,1119577,2022,18920,1100657,601613,404966,94078
Orlando,950262,2011,13589,936673,551644,327138,57891
Orlando,1031896,2021,14413,1017483,550114,382641,84728
Orlando,1200416,2019,14664,1185752,586857,485301,113594
Orlando,966991,2012,11510,955481,556109,331967,67405
Orlando,991095,2013,14218,976877,556789,357824,62264
Orlando,1183801,2018,22253,1161548,611106,458308,92134
Orlando,1008179,2014,11511,996668,551067,376468,69133
Orlando,1129969,2017,15793,1114176,577919,448350,87907
Orlando,921988,2010,13393,908595,537846,316951,53798
Orlando,1071243,2015,12288,1058955,575293,409735,73927
Orlando,1167007,2023,13865,1153142,602754,449644,100744
Philadelphia,2750522,2016,54943,2695579,1422925,952924,319730
Philadelphia,2836136,2019,60159,2775977,1419395,1007802,348780
Philadelphia,2600131,2011,59740,2540391,1410112,858859,271420
Philadelphia,2761490,2015,61510,2699980,1434496,951072,314412
Philadelphia,2684735,2013,60042,2624693,1435474,908076,281143
Philadelphia,2604278,2023,55782,2548496,1364712,909449,274335
Philadelphia,2621007,2010,58214,2562793,1418017,873414,271362
Philadelphia,2287095,2021,60682,2226413,1258746,778110,189557
Philadelphia,2808466,2018,50923,2757543,1424460,999386,333697
Philadelphia,2629000,2012,62516,2566484,1418495,883091,264898
Philadelphia,2761221,2017,53545,2707676,1404793,976008,326875
Philadelphia,2730097,2014,60951,2669146,1449917,922603,296626
Philadelphia,2544979,2022,57404,2487575,1372621,863805,251149
Phoenix,2100531,2018,39431,2061100,1230506,670958,159636
Phoenix,1788231,2013,37586,1750645,1052023,587913,110709
Phoenix,1920473,2015,37718,1882755,1129972,622344,130439
Phoenix,1671473,2010,34271,1637202,968424,568915,99863
Phoenix,1771920,2012,36884,1735036,1031914,597535,105587
Phoenix,2156635,2019,41306,2115329,1203940,724549,186840
Phoenix,1787166,2021,49067,1738099,1068965,558950,110184
Phoenix,1712701,2011,33006,1679695,1001611,573063,105021
Phoenix,1913284,2022,43643,1869641,1128245,629870,111526
Phoenix,1850458,2014,36341,1814117,1104765,604837,104515
Phoenix,2035158,2017,37765,1997393,1173900,674763,148730
Phoenix,2004889,2023,45898,1958991,1158561,663549,136881
Phoenix,1969362,2016,45085,1924277,1147664,626686,149927
"Pittsburgh,",1046303,2011,32638,1013665,618288,315937,79440
"Pittsburgh,",889849,2021,26024,863825,534459,269524,59842
"Pittsburgh,",1078307,2015,30810,1047497,622287,338419,86791
"Pittsburgh,",1078091,2014,28933,1049158,628088,336857,84213
"Pittsburgh,",1085621,2018,29184,1056437,620340,349137,86960
"Pittsburgh,",1018500,2023,29707,988793,604484,315104,69205
"Pittsburgh,",1082263,2017,29742,1052521,607015,354101,91405
"Pittsburgh,",1076505,2013,30328,1046177,630049,336049,80079
"Pittsburgh,",956275,2022,29627,926648,557188,300632,68828
"Pittsburgh,",1077328,2016,31334,1045994,612981,346902,86111
"Pittsburgh,",1075791,2019,28109,1047682,598451,356922,92309
"Pittsburgh,",1074950,2012,33502,1041448,623964,330006,87478
"Pittsburgh,",1041694,2010,35848,1005846,612505,314819,78522
Riverside,1752109,2016,29548,1722561,912793,498968,310800
Riverside,1881728,2023,31138,1850590,960818,556235,333537
Riverside,1883477,2019,30730,1852747,955222,550315,347210
Riverside,1694146,2021,37601,1656545,877066,500475,279004
Riverside,1581538,2012,35352,1546186,854538,433041,258607
Riverside,1542364,2011,34370,1507994,831837,424824,251333
Riverside,1806328,2017,33174,1773154,951065,513626,308463
Riverside,1553153,2010,42666,1510487,843697,421621,245169
Riverside,1858427,2022,38045,1820382,952419,551897,316066
Riverside,1734404,2015,34207,1700197,938046,469640,292511
Riverside,1888778,2018,35319,1853459,990022,528840,334597
Riverside,1617168,2013,35670,1581498,863706,457884,259908
Riverside,1669146,2014,32660,1636486,887398,478277,270811
San Antonio,1081096,2017,16100,1064996,655032,336610,73354
San Antonio,1027594,2015,15386,1012208,617718,323189,71301
San Antonio,922848,2011,23495,899353,570415,274160,54778
San Antonio,1158502,2019,22671,1135831,671800,372384,91647
San Antonio,1090691,2022,22119,1068572,642128,348207,78237
San Antonio,990802,2013,25254,965548,622901,282593,60054
San Antonio,1114952,2023,21128,1093824,641699,365028,87097
San Antonio,1019269,2014,20727,998542,630391,306891,61260
San Antonio,1101570,2018,17672,1083898,652886,357853,73159
San Antonio,1019865,2021,22830,997035,613468,318222,65345
San Antonio,1058898,2016,18331,1040567,626670,342654,71243
San Antonio,933859,2010,24053,909806,576388,283269,50149
San Antonio,971730,2012,23624,948106,607079,283880,57147
San Diego,1350683,2022,24321,1326362,832296,413607,80459
San Diego,1239125,2021,21675,1217450,801450,351231,64769
San Diego,1327049,2011,25225,1301824,879316,348143,74365
San Diego,1476292,2015,21318,1454974,908433,440982,105559
San Diego,1307266,2010,28411,1278855,855263,350068,73524
San Diego,1546445,2019,17049,1529396,903354,502614,123428
San Diego,1535345,2017,19388,1515957,924349,482241,109367
San Diego,1383027,2013,22591,1360436,894498,386819,79119
San Diego,1430884,2014,27989,1402895,905122,406376,91397
San Diego,1407306,2023,32414,1374892,856332,429871,88689
San Diego,1540361,2018,19489,1520872,921701,485615,113556
San Diego,1490686,2016,22833,1467853,911008,450503,106342
San Diego,1361160,2012,24230,1336930,880861,379545,76524
San Francisco,1864429,2023,25181,1839248,924544,636185,278519
San Francisco,2161255,2015,22503,2138752,1002797,769044,366911
San Francisco,1718516,2022,24302,1694214,874834,598758,220622
San Francisco,1923369,2010,30917,1892452,1015847,668587,208018
San Francisco,2100937,2014,28271,2072666,1009309,742268,321089
San Francisco,1493862,2021,30357,1463505,798842,500591,164072
San Francisco,1920727,2011,31543,1889184,994444,677742,216998
San Francisco,1991876,2012,30251,1961625,999906,695926,265793
San Francisco,2048701,2013,27780,2020921,1007110,731291,282520
San Francisco,2264018,2019,33849,2230169,983054,806871,440244
San Francisco,2210949,2017,27058,2183891,977477,809741,396673
San Francisco,2180631,2016,26611,2154020,978147,801467,374406
San Francisco,2254095,2018,26477,2227618,996955,811838,418825
Seattle,1416094,2021,33233,1382861,761019,486082,135760
Seattle,1773998,2015,29427,1744571,902581,633057,208933
Seattle,1824275,2016,29746,1794529,912343,659549,222637
Seattle,1921071,2018,27171,1893900,927021,713813,253066
Seattle,1586303,2022,33886,1552417,850550,549148,152719
Seattle,1709231,2023,32620,1676611,916747,577754,182110
Seattle,1683444,2013,35074,1648370,901346,584986,162038
Seattle,1608829,2011,32583,1576246,887872,551381,136993
Seattle,1664598,2012,33043,1631555,895233,582534,153788
Seattle,1736873,2014,32335,1704538,887247,626647,190644
Seattle,1963614,2019,28034,1935580,936439,754121,245020
Seattle,1571812,2010,37721,1534091,881375,526886,125830
Seattle,1872114,2017,30031,1842083,912067,699796,230220
"St. Louis,",1165009,2022,32185,1132824,716487,357216,59121
"St. Louis,",1307667,2017,27800,1279867,776867,429083,73917
"St. Louis,",1310504,2015,27476,1283028,791187,415947,75894
"St. Louis,",1274322,2014,30245,1244077,770455,402028,71594
"St. Louis,",1325342,2018,30345,1294997,779954,435660,79383
"St. Louis,",1256594,2010,35223,1221371,768326,384295,68750
"St. Louis,",1260056,2011,36561,1223495,773406,381861,68228
"St. Louis,",1263271,2012,31420,1231851,765114,392035,74702
"St. Louis,",1228194,2023,34639,1193555,761317,368018,64220
"St. Louis,",1323479,2019,26350,1297129,789801,432657,74671
"St. Louis,",1109252,2021,26611,1082641,704395,326857,51389
"St. Louis,",1275535,2013,30876,1244659,770758,406691,67210
"St. Louis,",1304258,2016,28316,1275942,780980,412904,82058
Tampa,1266517,2016,23810,1242707,726918,408880,106909
Tampa,1241779,2022,26520,1215259,685204,414204,115851
Tampa,1131800,2010,25248,1106552,686817,346204,73531
Tampa,1127587,2011,26867,1100720,667963,362722,70035
Tampa,1151281,2012,21288,1129993,695473,359009,75511
Tampa,1200123,2013,27952,1172171,709244,377214,85713
Tampa,1216314,2014,24279,1192035,701870,396268,93897
Tampa,1295172,2023,29239,1265933,684519,448262,133152
Tampa,1299297,2017,26481,1272816,719370,438397,115049
Tampa,1246197,2015,25024,1221173,725692,390340,105141
Tampa,1334616,2018,26034,1308582,735526,456128,116928
Tampa,1360550,2019,24555,1335995,748570,459058,128367
Tampa,1191597,2021,28556,1163041,676397,399657,86987
Washington,3065253,2016,35660,3029593,1282296,1200274,547023
Washington,3059053,2015,39620,3019433,1287832,1202970,528631
Washington,2545435,2022,43903,2501532,1156285,986771,358476
Washington,2993036,2014,39064,2953972,1252935,1183978,517059
Washington,3144623,2018,36290,3108333,1298938,1259804,549591
Washington,2962993,2013,39331,2923662,1263569,1169835,490258
Washington,2915564,2012,34777,2880787,1240086,1155609,485092
Washington,3160911,2019,34966,3125945,1278269,1269761,577915
Washington,2831822,2011,39499,2792323,1185049,1119084,488190
Washington,2788202,2010,45593,2742609,1183513,1090344,468752
Washington,2217836,2021,40707,2177129,1057591,855363,264175
Washington,3123186,2017,35985,3087201,1288175,1252830,546196
Washington,2652851,2023,38661,2614190,1196349,1045634,372207
